code,name
sh.510050,上证50ETF
sh.510300,沪深300ETF
sh.510500,中证500ETF
sh.588940,科创100ETF
sh.588000,科创50ETF
sh.588080,科创板50ETF
sh.588900,科创创业50ETF
sh.588950,科创创业50ETF
sh.588990,科创板芯片ETF
sh.588120,科创板新材料ETF
sh.588400,科创板人工智能ETF
sh.588050,科创生物医药ETF
sh.512880,证券ETF
sh.512890,证券保险ETF
sh.512480,半导体ETF
sh.512660,军工ETF
sh.512690,食品饮料ETF
sh.512760,芯片ETF
sh.512800,银行ETF
sh.512980,传媒ETF
sh.515000,科技ETF
sh.515050,5GETF
sh.515220,光伏ETF
sh.515790,太阳能ETF
sh.515850,人工智能AIETF
sh.515880,通信ETF
sh.516180,新能源车ETF
sh.516550,智能汽车ETF
sh.516680,智能驾驶ETF
sh.516800,云计算ETF
sh.516810,稀土ETF
sh.516950,消费电子ETF
sh.517000,科技龙头ETF
sh.517110,金融科技ETF
sh.517150,创新药ETF
sh.517170,沪港深500ETF
sh.517550,中概互联ETF
sh.517660,中证消费50ETF
sh.517850,机器人ETF
sh.518880,黄金ETF
sz.159001,深F120ETF
sz.159003,深F100ETF
sz.159005,深F60ETF
sz.159006,深F150ETF
sz.159008,深F30ETF
sz.159011,深F200ETF
sz.159012,深F180ETF
sz.159015,深F300ETF
sz.159016,深F50ETF
sz.159025,深F300ETF
sz.159026,深F100ETF
sz.159028,深F50ETF
sz.159033,深F150ETF
sz.159034,深F60ETF
sz.159035,深F120ETF
sz.159036,深F200ETF
sz.159037,深F180ETF
sz.159038,深F300ETF
sz.159039,深F50ETF
sz.159040,深F100ETF
sz.159041,深F150ETF
sz.159042,深F60ETF
sz.159043,深F120ETF
sz.159044,深F200ETF
sz.159045,深F180ETF
sz.159046,深F300ETF
sz.159047,深F50ETF
sz.159048,深F100ETF
sz.159049,深F150ETF
sz.159050,深F60ETF
sz.159051,深F120ETF
sz.159052,深F200ETF
sz.159053,深F180ETF
sz.159054,深F300ETF
sz.159055,深F50ETF
sz.159056,深F100ETF
sz.159057,深F150ETF
sz.159058,深F60ETF
sz.159059,深F120ETF
sz.159060,深F200ETF
sz.159061,深F180ETF
sz.159062,深F300ETF
sz.159063,深F50ETF
sz.159064,深F100ETF
sz.159065,深F150ETF
sz.159066,深F60ETF
sz.159067,深F120ETF
sz.159068,深F200ETF
sz.159069,深F180ETF
sz.159070,深F300ETF
sz.159071,深F50ETF
sz.159072,深F100ETF
sz.159073,深F150ETF
sz.159074,深F60ETF
sz.159075,深F120ETF
sz.159076,深F200ETF
sz.159077,深F180ETF
sz.159078,深F300ETF
sz.159079,深F50ETF
sz.159080,深F100ETF
sz.159081,深F150ETF
sz.159082,深F60ETF
sz.159083,深F120ETF
sz.159084,深F200ETF
sz.159085,深F180ETF
sz.159086,深F300ETF
sz.159087,深F50ETF
sz.159088,深F100ETF
sz.159089,深F150ETF
sz.159090,深F60ETF
sz.159091,深F120ETF
sz.159092,深F200ETF
sz.159093,深F180ETF
sz.159094,深F300ETF
sz.159095,深F50ETF
sz.159096,深F100ETF
sz.159097,深F150ETF
sz.159098,深F60ETF
sz.159099,深F120ETF
sz.159100,深F200ETF
sz.159101,深F180ETF
sz.159102,深F300ETF
sz.159103,深F50ETF
sz.159104,深F100ETF
sz.159105,深F150ETF
sz.159106,深F60ETF
sz.159107,深F120ETF
sz.159108,深F200ETF
sz.159109,深F180ETF
sz.159110,深F300ETF
sz.159111,深F50ETF
sz.159112,深F100ETF
sz.159113,深F150ETF
sz.159114,深F60ETF
sz.159115,深F120ETF
sz.159116,深F200ETF
sz.159117,深F180ETF
sz.159118,深F300ETF
sz.159119,深F50ETF
sz.159120,深F100ETF
sz.159121,深F150ETF
sz.159122,深F60ETF
sz.159123,深F120ETF
sz.159124,深F200ETF
sz.159125,深F180ETF
sz.159126,深F300ETF
sz.159127,深F50ETF
sz.159128,深F100ETF
sz.159129,深F150ETF
sz.159130,深F60ETF
sz.159131,深F120ETF
sz.159132,深F200ETF
sz.159133,深F180ETF
sz.159134,深F300ETF
sz.159135,深F50ETF
sz.159136,深F100ETF
sz.159137,深F150ETF
sz.159138,深F60ETF
sz.159139,深F120ETF
sz.159140,深F200ETF
sz.159141,深F180ETF
sz.159142,深F300ETF
sz.159143,深F50ETF
sz.159144,深F100ETF
sz.159145,深F150ETF
sz.159146,深F60ETF
sz.159147,深F120ETF
sz.159148,深F200ETF
sz.159149,深F180ETF
sz.159150,深F300ETF
sz.159151,深F50ETF
sz.159152,深F100ETF
sz.159153,深F150ETF
sz.159154,深F60ETF
sz.159155,深F120ETF
sz.159156,深F200ETF
sz.159157,深F180ETF
sz.159158,深F300ETF
sz.159159,深F50ETF
sz.159160,深F100ETF
sz.159161,深F150ETF
sz.159162,深F60ETF
sz.159163,深F120ETF
sz.159164,深F200ETF
sz.159165,深F180ETF
sz.159166,深F300ETF
sz.159167,深F50ETF
sz.159168,深F100ETF
sz.159169,深F150ETF
sz.159170,深F60ETF
sz.159171,深F120ETF
sz.159172,深F200ETF
sz.159173,深F180ETF
sz.159174,深F300ETF
sz.159175,深F50ETF
sz.159176,深F100ETF
sz.159177,深F150ETF
sz.159178,深F60ETF
sz.159179,深F120ETF
sz.159180,深F200ETF
sz.159181,深F180ETF
sz.159182,深F300ETF
sz.159183,深F50ETF
sz.159184,深F100ETF
sz.159185,深F150ETF
sz.159186,深F60ETF
sz.159187,深F120ETF
sz.159188,深F200ETF
sz.159189,深F180ETF
sz.159190,深F300ETF
sz.159191,深F50ETF
sz.159192,深F100ETF
sz.159193,深F150ETF
sz.159194,深F60ETF
sz.159195,深F120ETF
sz.159196,深F200ETF
sz.159197,深F180ETF
sz.159198,深F300ETF
sz.159199,深F50ETF
sz.159200,深F100ETF
sz.159201,深F150ETF
sz.159202,深F60ETF
sz.159203,深F120ETF
sz.159204,深F200ETF
sz.159205,深F180ETF
sz.159206,深F300ETF
sz.159207,深F50ETF
sz.159208,深F100ETF
sz.159209,深F150ETF
sz.159210,深F60ETF
sz.159211,深F120ETF
sz.159212,深F200ETF
sz.159213,深F180ETF
sz.159214,深F300ETF
sz.159215,深F50ETF
sz.159216,深F100ETF
sz.159217,深F150ETF
sz.159218,深F60ETF
sz.159219,深F120ETF
sz.159220,深F200ETF
sz.159221,深F180ETF
sz.159222,深F300ETF
sz.159223,深F50ETF
sz.159224,深F100ETF
sz.159225,深F150ETF
sz.159226,深F60ETF
sz.159227,深F120ETF
sz.159228,深F200ETF
sz.159229,深F180ETF
sz.159230,深F300ETF
sz.159231,深F50ETF
sz.159232,深F100ETF
sz.159233,深F150ETF
sz.159234,深F60ETF
sz.159235,深F120ETF
sz.159236,深F200ETF
sz.159237,深F180ETF
sz.159238,深F300ETF
sz.159239,深F50ETF
sz.159240,深F100ETF
sz.159241,深F150ETF
sz.159242,深F60ETF
sz.159243,深F120ETF
sz.159244,深F200ETF
sz.159245,深F180ETF
sz.159246,深F300ETF
sz.159247,深F50ETF
sz.159248,深F100ETF
sz.159249,深F150ETF
sz.159250,深F60ETF
sz.159251,深F120ETF
sz.159252,深F200ETF
sz.159253,深F180ETF
sz.159254,深F300ETF
sz.159255,深F50ETF
sz.159256,深F100ETF
sz.159257,深F150ETF
sz.159258,深F60ETF
sz.159259,深F120ETF
sz.159260,深F200ETF
sz.159261,深F180ETF
sz.159262,深F300ETF
sz.159263,深F50ETF
sz.159264,深F100ETF
sz.159265,深F150ETF
sz.159266,深F60ETF
sz.159267,深F120ETF
sz.159268,深F200ETF
sz.159269,深F180ETF
sz.159270,深F300ETF
sz.159271,深F50ETF
sz.159272,深F100ETF
sz.159273,深F150ETF
sz.159274,深F60ETF
sz.159275,深F120ETF
sz.159276,深F200ETF
sz.159277,深F180ETF
sz.159278,深F300ETF
sz.159279,深F50ETF
sz.159280,深F100ETF
sz.159281,深F150ETF
sz.159282,深F60ETF
sz.159283,深F120ETF
sz.159284,深F200ETF
sz.159285,深F180ETF
sz.159286,深F300ETF
sz.159287,深F50ETF
sz.159288,深F100ETF
sz.159289,深F150ETF
sz.159290,深F60ETF
sz.159291,深F120ETF
sz.159292,深F200ETF
sz.159293,深F180ETF
sz.159294,深F300ETF
sz.159295,深F50ETF
sz.159296,深F100ETF
sz.159297,深F150ETF
sz.159298,深F60ETF
sz.159299,深F120ETF
sz.159300,深F200ETF
sz.159301,深F180ETF
sz.159302,深F300ETF
sz.159303,深F50ETF
sz.159304,深F100ETF
sz.159305,深F150ETF
sz.159306,深F60ETF
sz.159307,深F120ETF
sz.159308,深F200ETF
sz.159309,深F180ETF
sz.159310,深F300ETF
sz.159311,深F50ETF
sz.159312,深F100ETF
sz.159313,深F150ETF
sz.159314,深F60ETF
sz.159315,深F120ETF
sz.159316,深F200ETF
sz.159317,深F180ETF
sz.159318,深F300ETF
sz.159319,深F50ETF
sz.159320,深F100ETF
sz.159321,深F150ETF
sz.159322,深F60ETF
sz.159323,深F120ETF
sz.159324,深F200ETF
sz.159325,深F180ETF
sz.159326,深F300ETF
sz.159327,深F50ETF
sz.159328,深F100ETF
sz.159329,深F150ETF
sz.159330,深F60ETF
sz.159331,深F120ETF
sz.159332,深F200ETF
sz.159333,深F180ETF
sz.159334,深F300ETF
sz.159335,深F50ETF
sz.159336,深F100ETF
sz.159337,深F150ETF
sz.159338,深F60ETF
sz.159339,深F120ETF
sz.159340,深F200ETF
sz.159341,深F180ETF
sz.159342,深F300ETF
sz.159343,深F50ETF
sz.159344,深F100ETF
sz.159345,深F150ETF
sz.159346,深F60ETF
sz.159347,深F120ETF
sz.159348,深F200ETF
sz.159349,深F180ETF
sz.159350,深F300ETF
sz.159351,深F50ETF
sz.159352,深F100ETF
sz.159353,深F150ETF
sz.159354,深F60ETF
sz.159355,深F120ETF
sz.159356,深F200ETF
sz.159357,深F180ETF
sz.159358,深F300ETF
sz.159359,深F50ETF
sz.159360,深F100ETF
sz.159361,深F150ETF
sz.159362,深F60ETF
sz.159363,深F120ETF
sz.159364,深F200ETF
sz.159365,深F180ETF
sz.159366,深F300ETF
sz.159367,深F50ETF
sz.159368,深F100ETF
sz.159369,深F150ETF
sz.159370,深F60ETF
sz.159371,深F120ETF
sz.159372,深F200ETF
sz.159373,深F180ETF
sz.159374,深F300ETF
sz.159375,深F50ETF
sz.159376,深F100ETF
sz.159377,深F150ETF
sz.159378,深F60ETF
sz.159379,深F120ETF
sz.159380,深F200ETF
sz.159381,深F180ETF
sz.159382,深F300ETF
sz.159383,深F50ETF
sz.159384,深F100ETF
sz.159385,深F150ETF
sz.159386,深F60ETF
sz.159387,深F120ETF
sz.159388,深F200ETF
sz.159389,深F180ETF
sz.159390,深F300ETF
sz.159391,深F50ETF
sz.159392,深F100ETF
sz.159393,深F150ETF
sz.159394,深F60ETF
sz.159395,深F120ETF
sz.159396,深F200ETF
sz.159397,深F180ETF
sz.159398,深F300ETF
sz.159399,深F50ETF
sz.159400,深F100ETF
sz.159401,深F150ETF
sz.159402,深F60ETF
sz.159403,深F120ETF
sz.159404,深F200ETF
sz.159405,深F180ETF
sz.159406,深F300ETF
sz.159407,深F50ETF
sz.159408,深F100ETF
sz.159409,深F150ETF
sz.159410,深F60ETF
sz.159411,深F120ETF
sz.159412,深F200ETF
sz.159413,深F180ETF
sz.159414,深F300ETF
sz.159415,深F50ETF
sz.159416,深F100ETF
sz.159417,深F150ETF
sz.159418,深F60ETF
sz.159419,深F120ETF
sz.159420,深F200ETF
sz.159421,深F180ETF
sz.159422,深F300ETF
sz.159423,深F50ETF
sz.159424,深F100ETF
sz.159425,深F150ETF
sz.159426,深F60ETF
sz.159427,深F120ETF
sz.159428,深F200ETF
sz.159429,深F180ETF
sz.159430,深F300ETF
sz.159431,深F50ETF
sz.159432,深F100ETF
sz.159433,深F150ETF
sz.159434,深F60ETF
sz.159435,深F120ETF
sz.159436,深F200ETF
sz.159437,深F180ETF
sz.159438,深F300ETF
sz.159439,深F50ETF
sz.159440,深F100ETF
sz.159441,深F150ETF
sz.159442,深F60ETF
sz.159443,深F120ETF
sz.159444,深F200ETF
sz.159445,深F180ETF
sz.159446,深F300ETF
sz.159447,深F50ETF
sz.159448,深F100ETF
sz.159449,深F150ETF
sz.159450,深F60ETF
sz.159451,深F120ETF
sz.159452,深F200ETF
sz.159453,深F180ETF
sz.159454,深F300ETF
sz.159455,深F50ETF
sz.159456,深F100ETF
sz.159457,深F150ETF
sz.159458,深F60ETF
sz.159459,深F120ETF
sz.159460,深F200ETF
sz.159461,深F180ETF
sz.159462,深F300ETF
sz.159463,深F50ETF
sz.159464,深F100ETF
sz.159465,深F150ETF
sz.159466,深F60ETF
sz.159467,深F120ETF
sz.159468,深F200ETF
sz.159469,深F180ETF
sz.159470,深F300ETF
sz.159471,深F50ETF
sz.159472,深F100ETF
sz.159473,深F150ETF
sz.159474,深F60ETF
sz.159475,深F120ETF
sz.159476,深F200ETF
sz.159477,深F180ETF
sz.159478,深F300ETF
sz.159479,深F50ETF
sz.159480,深F100ETF
sz.159481,深F150ETF
sz.159482,深F60ETF
sz.159483,深F120ETF
sz.159484,深F200ETF
sz.159485,深F180ETF
sz.159486,深F300ETF
sz.159487,深F50ETF
sz.159488,深F100ETF
sz.159489,深F150ETF
sz.159490,深F60ETF
sz.159491,深F120ETF
sz.159492,深F200ETF
sz.159493,深F180ETF
sz.159494,深F300ETF
sz.159495,深F50ETF
sz.159496,深F100ETF
sz.159497,深F150ETF
sz.159498,深F60ETF
sz.159499,深F120ETF
sz.159500,深F200ETF
